id,from_subject,owner,disposition,needs_review,hard_stop,confidence,matched_rule,reasoning,overrides_applied
1,Priya Raman — Board deck for Sept 22 - can I see the numbers by Thursday?,SAM,SAM_PERSONAL,False,False,high,"Investors, the board, and fundraising","Priya Raman is Harborline Ventures' lead investor and board member, emailing about board deck numbers ahead of the Sept 22 board meeting and raising the Series A conversation. This falls squarely under 'Investors, the board, and fundraising' in the ALWAYS SAM, NEVER YOU list, so the BA should not draft a reply.",
2,Dana Lindqvist — Re: Multi-year renewal - pricing,SAM,SAM_PERSONAL,False,False,high,"Pricing, discounts, and anything that changes a contract","Email negotiates a 20% discount and a change to payment terms (arrears vs upfront) on a multi-year renewal contract, which falls squarely in the 'Always Sam, never you' bucket for pricing/discounts and anything that changes a contract. Sender is the VIP largest customer (Brightfield Foods, $84k ARR), and the message states an explicit deadline for a response.",
3,Dana Lindqvist — Re: Multi-year renewal - pricing,SAM,SAM_PERSONAL,False,False,high,"Pricing, discounts, and anything that changes a contract","Dana is asking Sam directly for a decision on a 20% discount/pricing point for a multi-year renewal, which falls under pricing and contract terms — an area the brief reserves exclusively for the founder, never the BA.",
4,Marcus Oyelaran — Winding down our account,SAM,SAM_PERSONAL,True,False,low,NO_MATCHING_RULE,"Northwater Dairy has already decided not to renew in November; this is a churn notification, not a pricing/discount negotiation, so 'Pricing, discounts, and anything that changes a contract' does not cleanly apply. The brief has no explicit bucket for customer churn or non-renewal notices. Given the $31k ARR at stake and the judgment call on whether to attempt a save, this still belongs with Sam, but by the brief's ambiguity default rather than a clean rule match.","MANUAL CORRECTION (Founder-brief audit: 'Pricing, discounts, and anything that changes a contract' is a stretch for a churn/non-renewal notice; the brief has no explicit rule for this, and the classification should say so rather than cite an imprecise match.) [matched_rule: 'Pricing, discounts, and anything that changes a contract' -> 'NO_MATCHING_RULE', confidence: 'medium' -> 'low', needs_review: False -> True, reasoning: ""This is a $31k ARR customer notifying non-renewal, effectively ending the contract. The brief puts anything that changes a contract in the founder's own hands, and a churn decision of this size is a business-critical matter Sam would want to personally respond to, not something for the BA to draft or handle."" -> ""Northwater Dairy has already decided not to renew in November; this is a churn notification, not a pricing/discount negotiation, so 'Pricing, discounts, and anything that changes a contract' does not cleanly apply. The brief has no explicit bucket for customer churn or non-renewal notices. Given the $31k ARR at stake and the judgment call on whether to attempt a save, this still belongs with Sam, but by the brief's ambiguity default rather than a clean rule match.""]"
5,Eli Cardoso — Sprint 34 update + one risk,SAM,SAM_PERSONAL,True,False,low,NO_MATCHING_RULE,"This is an internal engineering sprint status update from the Head of Engineering to the team, cc'ing Sam, explicitly stating nothing is needed from anyone outside the team. The brief has no bucket for internal engineering status reports; it's not clearly a 'security or data incident' (just a performance/timeout risk still being investigated), so it doesn't clearly fall under any BA or Sam-only rule. Defaulting to Sam per the brief's instruction to default to the founder when the brief is silent or ambiguous. No reply is needed since the sender said so and it's an FYI.",
6,Olive Mbeki — Payroll approval needed by Tue 5 PM ET,SAM,SAM_PERSONAL,False,False,high,Hiring offers and compensation,"This is a payroll approval that includes a contractor rate change and adding a new hire as pending, both of which fall under compensation matters the brief reserves exclusively for Sam. The BA should not draft a reply or take action on this; it needs to go directly to Sam given the Tuesday 5 PM deadline.",
7,Northbridge Bank Security — Action required: verify your wire recipients within 24 hours,SAM,SAM_PERSONAL,True,True,high,Anything that looks like a security or data incident,"This email claims to be from a bank security team but comes from a suspicious lookalike domain (northbrid-ge-alerts.com, not a legitimate bank domain) urging verification of wire recipients within 24 hours - a classic phishing pattern targeting banking/payment details. The brief places anything resembling a security or data incident strictly with the founder, never the BA. No reply should be sent (it is likely fraudulent and the brief also excludes changing bank/payment details from BA action).",
8,Verdano Payables — Updated bank details for invoice 2214,SAM,SAM_PERSONAL,True,True,high,Anything that looks like a security or data incident,"An unsolicited request to change bank details for an invoice payment, from a billing-domain sender that doesn't match the vendor's usual domain pattern, is a classic BEC/payment-fraud pattern. The brief puts security/data incidents and paying invoices or changing bank details squarely in the founder's own hands (never-without-asking / always-Sam territory), so the BA should not draft or act on this at all - it goes straight to Sam.","hard-rule guardrail: request to change payment/bank details detected; forced to Sam, no BA draft generated"
9,Bianca Ferraro — Brightfield MSA redlines - two open points,SAM,SAM_PERSONAL,False,False,high,Legal terms and signatures,"Outside counsel is flagging MSA redlines requiring a decision on an uncapped liability clause (legal term) and a 12-month exclusivity clause (a contract-changing commercial term) — both fall squarely under 'Legal terms and signatures' and 'Pricing, discounts, and anything that changes a contract' in the ALWAYS SAM, NEVER YOU bucket, so this goes to the founder directly rather than being drafted by the BA.",
10,"Ruby Tavares — Recording invite: 45 minutes, week of Sept 21",SAM,SAM_PERSONAL,False,False,high,Press and public statements,"This is an inbound podcast recording invitation, which falls under 'Press and public statements' in the ALWAYS SAM, NEVER YOU list, and is separately reinforced by the NEVER WITHOUT ASKING item 'Confirm a speaking slot, a podcast, or a press quote.' The BA should not draft or handle this; it goes to Sam directly.",
11,ClimateOps Summit — Speaker confirmation deadline: today 6 PM ET,SAM,SAM_PERSONAL,False,False,high,"Confirm a speaking slot, a podcast, or a press quote","This email asks Sam to confirm participation as a conference panelist, which is explicitly a speaking-slot confirmation under NEVER WITHOUT ASKING and overlaps with 'Press and public statements' under ALWAYS SAM, NEVER YOU. The BA cannot decide or draft this confirmation on Sam's behalf; it must go to Sam directly given the same-day 6 PM ET deadline.",
12,Nils Ahlberg — Offer - competing timeline,SAM,SAM_PERSONAL,False,False,high,Hiring offers and compensation,"Candidate is negotiating base salary and equity refresh on a job offer, which falls squarely under the brief's 'Always Sam, never you' bucket for hiring offers and compensation. The BA should not draft or send a reply on this.",
13,Renata Silva — Northwater churn - what I know,SAM,SAM_PERSONAL,False,False,medium,"Pricing, discounts, and anything that changes a contract","This is an internal update from Renata (Customer Success) about a customer's non-renewal, tied to a contract/renewal outcome and a request for a product roadmap commitment (batch-level reporting) that was previously declined. Renata is offering to attempt a save call and wants Sam's direction. Contract/renewal status changes and any related customer commitments fall under 'ALWAYS SAM, NEVER YOU' for pricing/contract matters, so the BA should not draft a response or decide the save-call approach; this goes to Sam directly.",
14,Hana Beck — Invoice 2209 - charged twice?,BA,DRAFT_NO_APPROVAL,False,False,high,Billing questions and refunds under $500,"Customer reports a likely duplicate charge of $398 and asks for verification/refund if duplicate. This is a billing question with a potential refund well under the $500 threshold, which the brief assigns to the BA. Sender is not on the VIP list. Not sensitive enough to require Sam's sign-off since it's a routine refund investigation within the BA's explicit authority, not a price/contract change or bank detail change.",
15,Yusuf Kaya — Security disclosure: exposed API key in your public repo,SAM,SAM_PERSONAL,False,False,high,Anything that looks like a security or data incident,"An independent researcher reports a live, working API key exposed in a public repo, explicitly a security/data exposure issue. The brief places anything resembling a security or data incident squarely in the founder's own hands, never the BA's.",
16,Jae-won Park — Website copy: I need your one-liner,SAM,SAM_PERSONAL,True,False,low,NO_MATCHING_RULE,"Jae-won is asking Sam personally to supply a one-sentence description of what Verdano does 'in your own words' for the homepage hero line. This isn't scheduling, billing, vendor admin, or personal logistics that the BA could handle, and it requires Sam's own voice/positioning rather than something delegable. The brief doesn't explicitly address website copywriting requests, and 'Press and public statements' is a stretch since this is homepage content, not press/PR, so no bullet clearly covers it. Per the default rule, ambiguous/uncovered topics go to Sam.",
17,Tomas Weill — Intros to two LPs ahead of your A,SAM,SAM_PERSONAL,False,False,high,"Investors, the board, and fundraising","Email is from Harborline Ventures' platform team, forwarding a request from lead investor Priya to arrange LP intros ahead of the Series A and requesting a blurb/metrics one-pager. This falls squarely under 'Investors, the board, and fundraising' (ALWAYS SAM, NEVER YOU) and also touches 'Make an intro on Sam's behalf' (NEVER WITHOUT ASKING), so the BA should not draft or handle this.",
18,Ken Abara — Can we talk this week?,BA,DRAFT_NO_APPROVAL,False,False,high,"Scheduling and rescheduling, including with VIPs, as long as the preferences below are respected","Ken Abara is requesting to set up a call this week; the underlying topic is unspecified, but the concrete ask in this email is purely a scheduling request, which the brief assigns to the BA. Sender is not on the VIP list and the request doesn't touch pricing, legal, investors, hiring, press, security, or spend, so no approval flag is warranted for a simple scheduling reply.",
19,Maple Row School — Field trip consent form due Wednesday,BA,DRAFT_NO_APPROVAL,False,False,high,"Personal logistics: travel changes, appointments, school forms","This is a school form/fee reminder from Maple Row School, which falls under BA's personal logistics bucket for school forms. It needs a reply/action to return the signed form (by email or in office) and note the $35 fee before the deadline. The BA should not itself change any payment details, but can handle acknowledging and arranging the form submission.",
20,Altair Airways — Your Sept 23 flight has changed,BA,DRAFT_NO_APPROVAL,False,False,high,"Personal logistics: travel changes, appointments, school forms","This is an airline notification about a personal flight reschedule, which falls under the BA's personal logistics/travel changes bucket. A response (accept, rebook, or request refund) is needed, but it's routine and low-risk, not touching pricing, contracts, or anything requiring Sam's sign-off.",
21,"Dr. Ferrante Dental — Appointment reminder: Sept 17, 3:00 PM",BA,DRAFT_NEEDS_APPROVAL,False,False,high,"Personal logistics: travel changes, appointments, school forms","This is a dental office appointment reminder asking for a simple CONFIRM reply, which falls under personal logistics/appointments that the brief assigns to the BA to handle. It's low-stakes and not covered by any 'never without asking' or 'always Sam' items.",draft lint tripped (booking_confirmation_language_detected); upgraded to DRAFT_NEEDS_APPROVAL
22,Priya Raman — Quick: are you free Wed 2 PM?,SAM,SAM_PERSONAL,False,False,high,"Investors, the board, and fundraising","Priya Raman is the lead investor and board member, and she is requesting a pre-board walkthrough meeting. Even though scheduling is normally BA's job, the brief explicitly carves out investors, the board, and fundraising as ALWAYS SAM, NEVER YOU, and separately lists accepting or declining an investor meeting under NEVER WITHOUT ASKING. The requested slot is also 30 minutes, which conflicts with the 25/50-minute meeting rule, reinforcing that this needs Sam's direct judgment rather than a BA-drafted reply.",
23,Dana Lindqvist — QBR Wednesday 2 PM?,BA,DRAFT_NO_APPROVAL,False,False,high,"Scheduling and rescheduling, including with VIPs, as long as the preferences below are respected","Dana asked for a full hour Wednesday at 2 PM; the calendar rules explicitly cap meetings at 25 or 50 minutes and never 60, so counter-proposing 50 minutes (2:00-2:50 PM) or the Oct 6 fallback is precisely the scenario the brief delegates to the BA under 'Scheduling and rescheduling, including with VIPs, as long as the preferences below are respected.' The calendar rule itself is the guidance being applied here, not a judgment call outside the BA's remit, so no separate approval is needed.","MANUAL CORRECTION (Founder-brief audit: the calendar rules explicitly instruct how to resolve a 'full hour' request (25 or 50 minutes, never 60), so counter-proposing 50 minutes instead of the requested hour is exactly the scenario 'Scheduling and rescheduling, including with VIPs, as long as the preferences below are respected' delegates to the BA - no separate approval needed.) [needs_sam_approval: True -> False, disposition: 'DRAFT_NEEDS_APPROVAL' -> 'DRAFT_NO_APPROVAL', reasoning: ""Dana is scheduling a QBR meeting, which falls under BA's scheduling duties even for VIPs. However, her request for a 'full hour' conflicts with the calendar rule that meetings must be 25 or 50 minutes (never 60), so the BA must propose 50 minutes instead of 2:00-3:00 PM as requested. Given she's the largest customer and this involves pushing back on her stated meeting length needs, the draft should be checked before sending."" -> ""Dana asked for a full hour Wednesday at 2 PM; the calendar rules explicitly cap meetings at 25 or 50 minutes and never 60, so counter-proposing 50 minutes (2:00-2:50 PM) or the Oct 6 fallback is precisely the scenario the brief delegates to the BA under 'Scheduling and rescheduling, including with VIPs, as long as the preferences below are respected.' The calendar rule itself is the guidance being applied here, not a judgment call outside the BA's remit, so no separate approval is needed.""]"
24,Marta Kowalczyk — Comment by 3 PM today on the CSRD reporting changes,SAM,SAM_PERSONAL,False,False,high,Press and public statements,"Trade press reporter requesting on-record quotes about CSRD reporting changes and customer scope 3 behavior for a published article. This is a press/public statement request, which the brief places squarely in the founder's own hands, never the BA's.",
25,"Greg Tran — Demo request - 40 SKUs, 6 co-manufacturers",BA,DRAFT_NEEDS_APPROVAL,False,False,high,"First replies to inbound demo requests, and booking them with Renata","This is an inbound demo request from a prospective lead, which the brief explicitly assigns to the BA for first reply and booking with Renata. Flagging for approval because the email references a January deadline for supplier emissions data, and any reply risks implying a feature/data capability commitment tied to that date, which falls under 'never without asking' for promising feature dates to customers.",
26,Lena Fischer — Do you support EU suppliers?,BA,DRAFT_NEEDS_APPROVAL,False,False,medium,"First replies to inbound demo requests, and booking them with Renata","This is a pre-demo question from an inbound lead (not booked yet), so it falls under BA's bucket for first replies to inbound demo requests. However, the question about EU data residency and supplier location touches compliance/legal territory that their legal team will scrutinize, so the draft should get founder eyes before sending given the risk of an inaccurate or binding-sounding claim.",
27,Deskline — Final notice: your trial ends in 48 hours,BA,BA_HANDLES_NO_REPLY,False,False,high,"Vendor admin, renewals under $500, and account notifications","This is an automated vendor notification about a trial ending, with plans at $29/agent (well under $500 and not unbudgeted spend above $1,000). It falls under vendor admin/account notifications, which the brief assigns to the BA. It's an automated notice, not a request requiring a personal reply, though the BA may want to evaluate whether to upgrade.",
28,Ravi Chandrasekaran — Cut your cloud spend 40% - 15 minutes?,BA,DRAFT_NO_APPROVAL,False,False,medium,"Newsletters, notifications, and anything that needs no answer","This is unsolicited cold sales outreach from a vendor with no existing relationship, pitching a cloud cost-savings service. It does not involve pricing/contract changes, investors, legal, hiring, press, security, or unbudgeted spend, so it is not a SAM-only item. It's low-stakes vendor solicitation that the BA can dismiss or decline with a brief reply; no sensitive commitments are at risk.",
29,"Anya Petrenko — 500 vetted engineers, ready in 72 hours",BA,BA_HANDLES_NO_REPLY,False,False,medium,"Newsletters, notifications, and anything that needs no answer","This is unsolicited cold outreach from a staffing vendor pitching contract engineers, not a real vendor relationship, billing matter, or scheduling request. It falls under the BA's catch-all for items needing no answer; no price, contract, hiring, legal, security, or spend decision is being requested of Sam.",
30,Carbon Ledger Weekly — The scope 3 reckoning nobody budgeted for,BA,BA_HANDLES_NO_REPLY,False,False,high,"Newsletters, notifications, and anything that needs no answer",This is a newsletter (Carbon Ledger Weekly) sent to sam@verdano.io with no request for action or reply. The brief explicitly places newsletters under the BA's bucket as needing no answer.,
31,"SaaS Metrics Digest — Net revenue retention benchmarks, Q3 2026",BA,BA_HANDLES_NO_REPLY,False,False,high,"Newsletters, notifications, and anything that needs no answer","This is a newsletter digest email requiring no response, which the brief explicitly assigns to the BA to handle (by filing/ignoring, not replying).",
32,Founder Therapy — You are not behind,BA,BA_HANDLES_NO_REPLY,False,False,high,"Newsletters, notifications, and anything that needs no answer","This is a newsletter/mailing list email from a list address with generic content; the brief assigns newsletters and no-answer-needed mail to the BA bucket, and no reply is required unless Sam personally wants the workbook.",
33,Crewly — 3 new applicants for Data Engineer,BA,BA_HANDLES_NO_REPLY,False,False,high,"Newsletters, notifications, and anything that needs no answer",This is an automated ATS notification about new applicants requiring no action in the system; it falls squarely under the brief's BA-handled bucket for notifications that need no answer.,
34,"Payrail — Your payout of $18,420.00 is on the way",BA,BA_HANDLES_NO_REPLY,False,False,medium,"Vendor admin, renewals under $500, and account notifications","This is an automated payout notification from a payments vendor (Payrail), not a request requiring action or response. It falls under account notifications, which the brief assigns to the BA, and it needs no answer.",
35,Pagewise — Your workspace is 92% full,BA,BA_HANDLES_NO_REPLY,False,False,high,"Vendor admin, renewals under $500, and account notifications","This is an automated account/storage notification from a vendor (Pagewise) about workspace capacity, not a request requiring a reply. It falls under the BA's vendor admin/account notifications bucket. It mentions a paid tier upgrade ($12/user/month) but this is informational, not an invoice or bank detail change, and no immediate spend decision is requested.",
36,Verdano Team Calendar — Invitation: All hands - Wednesday 10:00 AM ET,BA,DRAFT_NO_APPROVAL,False,False,medium,"Scheduling and rescheduling, including with VIPs, as long as the preferences below are respected","This is a recurring internal calendar invite for an all-hands meeting, which falls under BA's scheduling responsibilities. However, it conflicts with two calendar rules: it's 30 minutes (should be 25 or 50) and it sits inside the protected Wednesday 9:00 AM-1:00 PM focus block. BA should flag the conflict and negotiate a compliant time rather than just accepting. Sender is an internal calendar bot, not a VIP, and nothing here touches pricing, legal, investors, hiring, press, security, or spend, so it stays with BA rather than escalating to Sam.",
37,"Eli Cardoso — Need your approval: infra plan upgrade, $1,100 per month",SAM,SAM_PERSONAL,False,False,high,"Unbudgeted spend above $1,000","Eli is asking Sam to approve a new recurring infra cost of $1,100/month, which is unbudgeted spend above the $1,000 threshold the brief reserves exclusively for Sam.",
38,Ade Salami — Report export failing since Friday,SAM,SAM_PERSONAL,True,False,low,NO_MATCHING_RULE,"Email reports a technical bug (report export timing out on files over ~5,000 rows) from Brightfield Foods, the largest customer, with a hard deadline tied to a board pack. The brief has no bucket for product/technical bug reports: it's not billing/refunds, not scheduling, not a demo request, not vendor admin, and doesn't clearly read as a security/data incident (it's a timeout error, not unauthorized access or a breach). Since the brief is silent on this topic, default to the founder per the fallback rule. VIP status applies via organizational match: Dana Lindqvist (Brightfield Foods) is VIP as largest customer, sender is from that same org and explicitly invokes Dana ('Dana knows I am chasing this'), and Dana is cc'd... actually Dana is not cc'd, Sam is cc'd, but the sender explicitly ties the request to Dana.",
39,Hollis Grant — Reseller partnership for our food manufacturing clients?,SAM,SAM_PERSONAL,False,False,medium,"Pricing, discounts, and anything that changes a contract","Hollis is proposing a reseller/referral partnership with a margin structure and asking Sam to build a partner program with his firm as first partner. This is a new commercial/contract arrangement involving pricing and deal structure, not scheduling, billing, or vendor admin, so it falls under the founder's own always-Sam bucket rather than BA-handled topics.",
40,Climate 50 — You were nominated for the Climate 50 - form due Sept 25,SAM,SAM_PERSONAL,False,False,medium,Press and public statements,"This is a nomination for a public industry list requiring submission of company funding, headcount, customer, and outcome data for public listing — this is public representation of the company, which the brief places under 'Press and public statements' as always Sam's, not the BA's.",
41,Colleen Mbatha — D&O policy lapses Sept 18 - signature needed,SAM,SAM_PERSONAL,False,False,high,Legal terms and signatures,"This email requires a signed application (legal document with signature fields) to renew the D&O policy, which falls under the brief's 'Legal terms and signatures' bucket that is always Sam's, never the BA's. The broker is not on the VIP list.",
42,Brandon Neel — I have three data engineers ready to interview,BA,BA_HANDLES_NO_REPLY,False,False,medium,"Newsletters, notifications, and anything that needs no answer","Brandon is an unsolicited staffing-agency recruiter pitching three candidate profiles on a contingent 18% placement fee - no offer or compensation decision is actually being made, so 'Hiring offers and compensation' does not apply. This is materially the same as #29 ('500 vetted engineers, ready in 72 hours'), an unsolicited cold-outreach pitch that needs no answer.","MANUAL CORRECTION (Founder-brief audit: no compensation decision is actually presented here - this is an unsolicited staffing-agency pitch, materially the same as email #29, which was correctly routed to the BA's no-reply-needed bucket.) [owner: 'SAM' -> 'BA', needs_reply: True -> False, needs_sam_approval: False -> False, disposition: 'SAM_PERSONAL' -> 'BA_HANDLES_NO_REPLY', matched_rule: 'Hiring offers and compensation' -> 'Newsletters, notifications, and anything that needs no answer', confidence: 'medium' -> 'medium', needs_review: False -> False, reasoning: 'This is a cold-outreach recruiter proposing to place data engineer candidates for an 18% placement fee, which is both a hiring-pipeline decision and a contract/fee term (contract terms and hiring are both explicitly reserved for the founder), so the BA should not draft a reply or engage on booking interviews.' -> ""Brandon is an unsolicited staffing-agency recruiter pitching three candidate profiles on a contingent 18% placement fee - no offer or compensation decision is actually being made, so 'Hiring offers and compensation' does not apply. This is materially the same as #29 ('500 vetted engineers, ready in 72 hours'), an unsolicited cold-outreach pitch that needs no answer.""]"
43,Grover & Lin CPAs — Q3 estimated taxes due Sept 15,SAM,SAM_PERSONAL,False,False,high,Pay an invoice or change bank details,"Grover & Lin ask Sam to confirm once the $4,120 Q3 estimated-tax payment is scheduled. Quarterly estimated tax is a mandatory recurring obligation, not discretionary 'unbudgeted spend' - the better fit is NEVER WITHOUT ASKING's 'Pay an invoice or change bank details', since the email is explicitly a payment-execution confirmation request. Owner stays Sam either way.","MANUAL CORRECTION (Founder-brief audit: 'Unbudgeted spend above $1,000' mischaracterizes a mandatory recurring tax payment as discretionary spend; 'Pay an invoice or change bank details' is the precise, on-point NEVER WITHOUT ASKING rule since the email is a payment-execution confirmation request.) [matched_rule: 'Unbudgeted spend above $1,000' -> 'Pay an invoice or change bank details', reasoning: ""Email requests confirmation that a $4,120 tax payment be scheduled, which exceeds the $1,000 unbudgeted-spend threshold reserved for the founder and also touches 'Pay an invoice' under NEVER WITHOUT ASKING, so this stays with Sam rather than the BA."" -> ""Grover & Lin ask Sam to confirm once the $4,120 Q3 estimated-tax payment is scheduled. Quarterly estimated tax is a mandatory recurring obligation, not discretionary 'unbudgeted spend' - the better fit is NEVER WITHOUT ASKING's 'Pay an invoice or change bank details', since the email is explicitly a payment-execution confirmation request. Owner stays Sam either way.""]"
44,Priya Raman — Did you ever connect with Ana?,SAM,SAM_PERSONAL,False,False,high,"Investors, the board, and fundraising","Sender is Priya Raman of Harborline Ventures, the lead investor, asking about a stalled intro to a potential customer she made. This is investor relations and touches making/following up on an intro, both squarely in the ALWAYS SAM bucket, so the BA should not draft this reply.",
45,Hana Beck — Thank you,BA,BA_HANDLES_NO_REPLY,False,False,high,"Newsletters, notifications, and anything that needs no answer","Sender explicitly states no reply is needed; this is a positive, informational note with no action, pricing, legal, security, or spend content. It falls under the BA's bucket for items needing no answer.",
46,Renata Silva — Can I approve a $200 goodwill credit for Little Fox?,BA,DRAFT_NO_APPROVAL,False,False,high,Billing questions and refunds under $500,"Renata is asking about refunding a duplicate charge plus a $200 goodwill credit for Little Fox; total falls under the $500 threshold the brief explicitly delegates to the BA under 'Billing questions and refunds under $500,' so the BA can confirm she has authority to proceed rather than escalating to Sam.",
47,ClimateOps Summit — Hotel block closes tonight,BA,BA_HANDLES_NO_REPLY,True,False,medium,"Personal logistics: travel changes, appointments, school forms","This hotel-block deadline is for the same ClimateOps Summit as #11, where Sam has not yet confirmed the speaking slot (a NEVER WITHOUT ASKING / press decision reserved for Sam). Booking travel for an event Sam hasn't committed to speak at is premature, so despite sitting in the BA's personal-logistics bucket by topic, this should not be handled independently - it should wait on Sam's decision on #11.","MANUAL CORRECTION (Founder-brief audit: correctly the BA's topic by subject matter (travel logistics), but the booking decision is coupled to an unresolved SAM_PERSONAL item (#11, the speaking-slot confirmation) - flagged for review rather than auto-handled, to avoid booking travel ahead of Sam's speaking decision.) [needs_review: False -> True, reasoning: ""This is a logistics notice about booking Sam's conference hotel room, which falls under personal travel logistics that the BA handles. It's an informational deadline notice rather than a question needing a reply to the sender — the action needed is booking the room via the link before the deadline, not drafting a response."" -> ""This hotel-block deadline is for the same ClimateOps Summit as #11, where Sam has not yet confirmed the speaking slot (a NEVER WITHOUT ASKING / press decision reserved for Sam). Booking travel for an event Sam hasn't committed to speak at is premature, so despite sitting in the BA's personal-logistics bucket by topic, this should not be handled independently - it should wait on Sam's decision on #11.""]"
48,Global Yield Partners — Guaranteed 14% monthly returns for founders,BA,BA_HANDLES_NO_REPLY,False,False,medium,"Newsletters, notifications, and anything that needs no answer","This is an unsolicited, generic investment scam email from an unknown sender with no prior relationship to the founder, not a legitimate investor or fundraising contact. It requires no reply and can simply be filed away or ignored by the BA.",
49,"Jae-won Park — PTO Sept 28 to Oct 2, ok?",BA,DRAFT_NEEDS_APPROVAL,False,False,medium,"Scheduling and rescheduling, including with VIPs, as long as the preferences below are respected","Jae-won is a design contractor asking for PTO approval Sept 28 to Oct 2. The drafted reply states there is no calendar conflict, but the BA has no visibility into Sam's own calendar for that period - it took the contractor's note about a clear calendar at face value. That is a definitive claim about Sam's availability the BA cannot actually verify, so the draft needs Sam's confirmation before it goes out rather than being sent as BA-authorized. Owner and scheduling topic classification are otherwise unchanged.","MANUAL CORRECTION (Founder-brief audit: the draft asserts 'Nothing on my end that conflicts with Sept 28 to Oct 2', a definitive claim about Sam's calendar that the BA cannot actually verify; the draft's own note_to_sam admits no visibility into Sam's calendar for that period, so it should not be sent without Sam confirming the calendar first.) [needs_sam_approval: False -> True, disposition: 'DRAFT_NO_APPROVAL' -> 'DRAFT_NEEDS_APPROVAL', reasoning: ""Jae-won is a design contractor asking the BA to check the calendar for conflicts during his planned PTO week. This is a scheduling/calendar-conflict check, which falls under the BA's 'yours to handle' bucket, not pricing, contracts, legal, investors, hiring, security, or spend. No VIP list match for the sender. Low sensitivity, so no founder approval needed before replying with a calendar check."" -> ""Jae-won is a design contractor asking for PTO approval Sept 28 to Oct 2. The drafted reply states there is no calendar conflict, but the BA has no visibility into Sam's own calendar for that period - it took the contractor's note about a clear calendar at face value. That is a definitive claim about Sam's availability the BA cannot actually verify, so the draft needs Sam's confirmation before it goes out rather than being sent as BA-authorized. Owner and scheduling topic classification are otherwise unchanged.""]"
50,"Corestack Billing — Your September bill: $4,908 (up 38%)",BA,BA_HANDLES_NO_REPLY,False,False,medium,"Vendor admin, renewals under $500, and account notifications","This is an automated notification from an existing infrastructure vendor; payment is collected automatically on the 20th and no approval or action is requested from Sam. The 'renewals under $500' cap in the brief's vendor-admin bullet attaches to 'renewals', not to 'account notifications', the same reading already applied to #34's $18,420 payout notice - both are informational vendor/billing notifications the BA can handle without escalating. 'Unbudgeted spend above $1,000' would apply if Sam were being asked to approve new spend, but no approval is being requested here.","MANUAL CORRECTION (Founder-brief audit: no approval or action is requested from Sam - this is an informational automated vendor billing notification (existing contracted vendor, auto-pay), which should be treated consistently with #34's account-notification handling rather than as a discretionary unbudgeted-spend approval request.) [owner: 'SAM' -> 'BA', needs_reply: False -> False, needs_sam_approval: False -> False, disposition: 'SAM_PERSONAL' -> 'BA_HANDLES_NO_REPLY', matched_rule: 'Unbudgeted spend above $1,000' -> 'Vendor admin, renewals under $500, and account notifications', confidence: 'medium' -> 'medium', needs_review: False -> False, reasoning: ""This is a vendor bill of $4,908, a 38% jump over the prior month, which exceeds the brief's $1,000 threshold for unbudgeted spend that must always go to Sam. Although routine vendor admin/account notifications are normally BA territory, that bucket is capped at 'renewals under $500,' and the ALWAYS SAM spend-above-$1,000 rule takes precedence given the amount and unusual increase. No explicit question is posed and payment is automatic, so no reply is required, but Sam should see it before the auto-charge on the 20th."" -> ""This is an automated notification from an existing infrastructure vendor; payment is collected automatically on the 20th and no approval or action is requested from Sam. The 'renewals under $500' cap in the brief's vendor-admin bullet attaches to 'renewals', not to 'account notifications', the same reading already applied to #34's $18,420 payout notice - both are informational vendor/billing notifications the BA can handle without escalating. 'Unbudgeted spend above $1,000' would apply if Sam were being asked to approve new spend, but no approval is being requested here.""]"
